Date	dow_price_soft_max	bit_price_log_norm
2015-01-12	0.662773122598548	0.5648922801055426
2015-01-13	0.6617527109849415	0.5377303054097359
2015-01-14	0.654742453143157	0.5090147906098378
2015-01-15	0.6507457157552529	0.5324927085481609
2015-01-16	0.6579163991342281	0.5431959542781589
2015-01-20	0.6580539067375344	0.5497522210776635
2015-01-21	0.6595210302099695	0.5507989595725121
2015-01-22	0.6692780587833733	0.5507989595725121
2015-01-23	0.6639663579758729	0.5460577456876023
2015-01-26	0.664195537314717	0.5644968856850098
2015-01-27	0.6532441462524857	0.5633172582171049
2015-01-28	0.6458863623640938	0.5527065625212323
2015-01-29	0.6543577324169666	0.5559578281397761
2015-01-30	0.6448937528342158	0.5534176999015992
2015-02-02	0.652260929318462	0.5562049775426318
2015-02-03	0.6637334215986875	0.5495252112025052
2015-02-04	0.6639821375369083	0.5508662668544149
2015-02-05	0.6719417989676411	0.5469940368948037
2015-02-06	0.669665409436403	0.5499696743398448
2015-02-09	0.6660932173811114	0.5468027991170189
2015-02-10	0.6713361643869584	0.548336512311796
2015-02-11	0.6710874484487377	0.547040625694914
2015-02-12	0.6752292075166315	0.5527506043483591
2015-02-13	0.6769938884257295	0.5604967280957539
2015-02-17	0.6780545003495925	0.5578304698045121
2015-02-18	0.6773883774516084	0.5553115527235503
2015-02-19	0.6757322749505856	0.5587602283431786
2015-02-20	0.6815432861536982	0.5591413401008215
2015-02-23	0.6806566251050562	0.5559236913303283
2015-02-24	0.6841262500136193	0.5560345940453382
2015-02-25	0.6847040825105732	0.5551998574106379
2015-02-26	0.6843227431188903	0.561600458965423
2015-02-27	0.6812524913860504	0.561918793383187
2015-03-02	0.6871108412722685	0.5707932046978024
2015-03-03	0.6839075903821321	0.5719661493755249
2015-03-04	0.6799074716597207	0.5690830101142043
2015-03-05	0.6813659539439698	0.5690792607600228
2015-03-06	0.6708860711936223	0.5696028285056346
2015-03-09	0.6761061002655852	0.5778837867117942
2015-03-10	0.6636034280720645	0.577030995373621
2015-03-11	0.6625683640089253	0.5770171259112662
2015-03-12	0.6723302767321732	0.5759854951315483
2015-03-13	0.6668483820877938	0.5742187223063034
2015-03-16	0.6754185622490533	0.576999786420064
2015-03-17	0.6705967792413112	0.5745745436047931
2015-03-18	0.6791293890191538	0.5647710850255462
2015-03-19	0.674727642898014	0.5665240305373975
2015-03-20	0.6810627609497943	0.5643045048291953
2015-03-23	0.6806265687983226	0.5676443940120655
2015-03-24	0.6766854355778757	0.5588929511832519
2015-03-25	0.6656923413900516	0.5596980045090142
2015-03-26	0.664177879234511	0.5609120337419007
2015-03-27	0.6654714275355594	0.5623764107833341
2015-03-30	0.6753768591234605	0.5602475452903786
2015-03-31	0.6678556440672044	0.5584942613219963
2015-04-01	0.6649274083836808	0.5594014964691848
2015-04-02	0.6673717375287931	0.5624684877208419
2015-04-06	0.6717903903224703	0.5628798116043887
2015-04-07	0.6715863831405158	0.5625964560903013
2015-04-08	0.6726041648272832	0.5586439534438365
2015-04-09	0.6747163717829889	0.5566720639889218
2015-04-10	0.6784328341106021	0.5549976344679188
2015-04-13	0.6754042855033549	0.5476860071422222
2015-04-14	0.6776457345780151	0.5487770378995197
2015-04-15	0.6804977023832022	0.5511753072577886
2015-04-16	0.6802407209606297	0.5510276226159775
2015-04-17	0.6697409259070711	0.549734078944057
2015-04-20	0.677579234999367	0.5508752377902084
2015-04-21	0.6743729784785573	0.5549674816855398
2015-04-22	0.6777047200799798	0.5543018460216294
2015-04-23	0.6784719073093556	0.5528914100216796
2015-04-24	0.679277792033651	0.5525434415382044
2015-04-27	0.6776934489649548	0.5499425181239933
2015-04-28	0.6804049035361619	0.5494160660113886
2015-04-29	0.6776017772294172	0.5505652817911281
2015-04-30	0.6702751767592614	0.5556672989588528
2015-05-01	0.6771708449316238	0.5546308866537115
2015-05-04	0.6789118564991692	0.5548597200578897
2015-05-05	0.6735693479772671	0.5548424675843868
2015-05-06	0.6703300295190503	0.5520569346022419
2015-05-07	0.6734138065899204	0.5557699335727033
2015-05-08	0.6834469774814393	0.5594303616492218
2015-05-11	0.6802181787305793	0.5573476515113739
2015-05-12	0.6788303287671542	0.5582526257562217
2015-05-13	0.6785395339995064	0.5557528350030253
2015-05-14	0.6857436550197227	0.5557143526955282
2015-05-15	0.6865070852107568	0.5556801339577362
2015-05-18	0.6874959377022931	0.5544058687734711
2015-05-19	0.6880035135822572	0.5537801284826036
2015-05-20	0.6869894889338315	0.5544708289441976
2015-05-21	0.6870022628641933	0.5553759365073846
2015-05-22	0.6849839818670301	0.5566847726743528
2015-05-26	0.6778275752337536	0.5560644317939223
2015-05-27	0.6823904982997524	0.5560175399676787
2015-05-28	0.6810052782631663	0.5552814929876128
2015-05-29	0.6766681532015039	0.5551095522249315
2015-06-01	0.6777836178851556	0.5496296987535978
2015-06-02	0.6767154918846093	0.5505247829360044
2015-06-03	0.6791323946498271	0.5506417356055968
2015-06-04	0.6727195059043737	0.5497431504158548
2015-06-05	0.6706110559870097	0.5502318108405889
2015-06-08	0.6674960954979033	0.5517950268019992
2015-06-09	0.6674017938355267	0.552269515117921
2015-06-10	0.6762819296599768	0.5523888964585172
2015-06-11	0.6777460475017385	0.5521056902760964
2015-06-12	0.6724662815201429	0.5523933152965464
2015-06-15	0.6684210783376308	0.5562773040834992
2015-06-16	0.6726781784826149	0.5616367753008076
2015-06-17	0.6738526286682315	0.5591537436184933
2015-06-18	0.6806190547216392	0.5609770259481142
2015-06-19	0.6768661491221117	0.5573644837680479
2015-06-22	0.6807670820323023	0.5588597867261167
2015-06-23	0.6816796666455021	0.5582526257562217
2015-06-24	0.67499213839727	0.5575452546036803
2015-06-25	0.6721476846687664	0.5575578545264076
2015-06-26	0.6742636486628137	0.5582484545814133
2015-06-29	0.6611016162403242	0.5672137709501027
2015-06-30	0.6619717463202627	0.5654222726861032
2015-07-01	0.6671714873851802	0.5644655014401231
2015-07-02	0.6661270307261867	0.5626284230108687
2015-07-06	0.6643788807857922	0.5676519992433519
2015-07-07	0.6678853246701039	0.5678077811432807
2015-07-08	0.6580610451103837	0.5686094983629851
2015-07-09	0.6593083818398292	0.5690717616364923
2015-07-10	0.6672654133437228	0.5762478806674981
2015-07-13	0.6754283305487417	0.5751448101665457
2015-07-14	0.6782799226500947	0.5761639910076839
2015-07-15	0.6781518076426425	0.5746916916595123
2015-07-16	0.6807847401125083	0.5707083753077996
2015-07-17	0.6795148611530126	0.572075421752708
2015-07-20	0.6800393437055143	0.5721882131964917
2015-07-21	0.6732345958610212	0.5709736923163422
2015-07-22	0.6706704171928086	0.5714985954151559
2015-07-23	0.6661950331201715	0.5715864258556077
2015-07-24	0.6600564081736623	0.5753882335437139
2015-07-27	0.6552496533192871	0.5784802693789146
2015-07-28	0.6623760036458299	0.5765095902416791
2015-07-29	0.6669265284853011	0.5763735854086245
2015-07-30	0.6667232727110151	0.5741260042601174
2015-07-31	0.6646148227936511	0.5727900716098862
2015-08-03	0.6611711214496457	0.5735535613740457
2015-08-04	0.6593861525335024	0.5737184693516622
2015-08-05	0.6590021832149804	0.5725185891213708
2015-08-06	0.6544666865288761	0.5717582074796742
2015-08-07	0.6527245478498283	0.5717289885604077
2015-08-10	0.6618086908562327	0.5676748115216451
2015-08-11	0.653831371345294	0.5682283372061651
2015-08-12	0.6538189731187664	0.5667122575851079
2015-08-13	0.6540346271195802	0.5665855307863437
2015-08-14	0.6566326191328681	0.5675568929049697
2015-08-17	0.6591791397208746	0.5629793968264207
2015-08-18	0.6579077579460422	0.5544058687734711
2015-08-19	0.6517984378985983	0.5543755398056806
2015-08-20	0.6383467378199634	0.5545617034540616
2015-08-21	0.6183991184485236	0.5538542015694434
2015-08-24	0.5962927048459408	0.5432443174672941
2015-08-25	0.5885941575799564	0.5498700660379341
2015-08-26	0.6118528548419395	0.5502408379767624
2015-08-27	0.6257260946225135	0.5506552214843511
2015-08-28	0.6252842669135291	0.5536798259065625
2015-08-31	0.6209644242282385	0.5523093244882402
2015-09-01	0.6033183665449261	0.5516393380713582
2015-09-02	0.6143276159976195	0.5513986635697001
2015-09-03	0.6152060115619098	0.5523225908123673
2015-09-04	0.6049725905267781	0.5527858240676665
2015-09-08	0.6196363111744465	0.557221320608599
2015-09-09	0.6106528567955994	0.5554145472002938
2015-09-10	0.6135393893535301	0.5569217101038842
2015-09-11	0.6173974920266254	0.5567736889836263
2015-09-14	0.6150632441049251	0.5531417377095096
2015-09-15	0.6236627291652499	0.5528606254530326
2015-09-16	0.6289263398819764	0.5524948955570711
2015-09-17	0.6264763751793517	0.5539412772845932
2015-09-18	0.6155749527270652	0.5538411337723035
2015-09-21	0.6202941685880786	0.5511618902496651
2015-09-22	0.6135420192803693	0.5533082807952886
2015-09-23	0.6116417092871358	0.5536230893081262
2015-09-24	0.6086898042620594	0.5550320838351633
2015-09-25	0.6129484072223802	0.5546222413299449
2015-09-28	0.6011971426972004	0.5571159247150335
2015-09-29	0.6029719676098211	0.5559620944345024
2015-09-30	0.6118224228313718	0.5556886897228366
2015-10-01	0.6113456546658096	0.5563028188084504
2015-10-02	0.6188732566872465	0.5562475288027242
2015-10-05	0.6302969074690298	0.5574233747128042
2015-10-06	0.6308138759448482	0.5596445323183201
2015-10-07	0.635401219760068	0.5588514939198378
2015-10-08	0.6406032150479906	0.5582734790616136
2015-10-09	0.6418708397844813	0.5588846610839442
2015-10-12	0.6436505488469462	0.5595951483788296
2015-10-13	0.6417731567875969	0.5614227253091345
2015-10-14	0.6358693467374443	0.5627402280829645
2015-10-15	0.6440221199389407	0.5634837876181261
2015-10-16	0.6468105937961529	0.5680201711815994
2015-10-19	0.6473579942825392	0.5674426476422995
2015-10-20	0.6468534240332483	0.568473802911584
2015-10-21	0.6450312604375222	0.5691542215639404
2015-10-22	0.6570744468418523	0.5720717812331907
2015-10-23	0.6629932850453719	0.5725512053530956
2015-10-26	0.6621047454775589	0.5761744810044431
2015-10-27	0.6605410661197421	0.5798181197688639
2015-10-28	0.6679833833708223	0.5817527208748151
2015-10-29	0.6670922138761702	0.5904694034186441
2015-10-30	0.6636259703021148	0.588942258674943
2015-11-02	0.6698333490502769	0.6020897770811074
2015-11-03	0.6731917656239258	0.6183179626345339
2015-11-04	0.6712918313345264	0.6070156376199232
2015-11-05	0.6711359142433456	0.6022251468533636
2015-11-06	0.6728979652256046	0.6036890955048788
2015-11-09	0.666140931768051	0.6037743999094796
2015-11-10	0.6671827585002054	0.5836674079056919
2015-11-11	0.6650791927326857	0.5897530661200396
2015-11-12	0.6555306797872464	0.5907242353523162
2015-11-13	0.6479102789187695	0.5906575554176219
2015-11-16	0.6568433889838375	0.5907484717539246
2015-11-17	0.6570872207722142	0.5898111708120923
2015-11-18	0.6663919019292768	0.590490663845899
2015-11-19	0.6662262165384076	0.5855689898424934
2015-11-20	0.6696473756523628	0.5881280361249983
2015-11-23	0.6684778096165905	0.5867384712268781
2015-11-24	0.6692108077970568	0.5856582045567575
2015-11-25	0.6692558922571572	0.5912350042137996
2015-11-27	0.6686960935442435	0.5971150479346954
2015-11-30	0.6657441885191671	0.6029422971046342
2015-12-01	0.6720721681980981	0.5964785848826755
2015-12-02	0.6661108754613174	0.599232397701761
2015-12-03	0.6566427631363906	0.598075011349393
2015-12-04	0.6705423021853566	0.6010714492844832
2015-12-07	0.6661420588795535	0.6068477360625135
2015-12-08	0.6600364958704513	0.6129724841691708
2015-12-09	0.6571924178457819	0.6120482494448649
2015-12-10	0.6602900959585163	0.6137580473596809
2015-12-11	0.6486605594756076	0.6154086563145612
2015-12-14	0.6525412043787531	0.6227018673745255
2015-12-15	0.6584175880490113	0.6215183866726317
2015-12-16	0.666840116603442	0.6214019649735337
2015-12-17	0.6573254170030781	0.6235761314521165
2015-12-18	0.6435261908778358	0.6237119896769663
2015-12-21	0.6481499779649701	0.6184402772323511
2015-12-22	0.6543735119780019	0.6175553765998687
2015-12-23	0.6613368068405149	0.6219582395470475
2015-12-24	0.6594417567009596	0.6224050691366064
2015-12-28	0.6585438245372925	0.6143336528770849
2015-12-29	0.6657840131255891	0.6168010873919963
2015-12-30	0.6613841455236203	0.6145807150466407
2015-12-31	0.654665058153318	0.6170632713841576
2016-01-04	0.6442922509957091	0.616904168960313
2016-01-05	0.6446574351225227	0.6163924188508146
2016-01-06	0.6351840629439175	0.6209619415703256
2016-01-07	0.6204410687872393	0.6215385230444611
2016-01-08	0.6141423940073736	0.6211642298181842
2016-01-11	0.6161005623910694	0.6200874825892443
2016-01-12	0.6205207180000835	0.616770611445925
2016-01-13	0.6068146664257152	0.6162628993036784
2016-01-14	0.6153671885067689	0.6097931541743015
2016-01-15	0.6006782957022111	0.5970979754664137
2016-01-19	0.6017280122148831	0.6032400683764053
2016-01-20	0.5923624670366848	0.6120801753108654
2016-01-21	0.5967183772900558	0.6077126828944728
2016-01-22	0.6046393412258689	0.6063033804823406
2016-01-25	0.5968138060639351	0.6069433448157726
2016-01-26	0.6074090298913728	0.6076716615166912
2016-01-27	0.5990394755775601	0.6043615858879122
2016-01-28	0.6037425361737044	0.6024305640483086
2016-01-29	0.6186452044599051	0.6035262852946969
2016-02-01	0.6180019994958055	0.6017097792361381
2016-02-02	0.6068946913423936	0.6015464868760779
2016-02-03	0.6137745799537209	0.6011179590386483
2016-02-04	0.6167772049964102	0.6045362884655652
2016-02-05	0.6088269361615316	0.6018673794083844
2016-02-08	0.6021424135439729	0.6008440659720601
2016-02-09	0.6016663967860791	0.6020789397025816
2016-02-10	0.5979228837824059	0.6024656596358745
2016-02-11	0.5883589669797658	0.6032722076469691
2016-02-12	0.6001432934423526	0.6058449010948103
2016-02-16	0.6085053336794818	0.6116544918284672
2016-02-17	0.6181767017786948	0.6134411588440136
2016-02-18	0.6166588582886465	0.6130819541077728
2016-02-19	0.6158533492681854	0.6150444300661976
2016-02-22	0.6244445688441584	0.6170398895908674
2016-02-23	0.6173482748243491	0.6128044008143976
2016-02-24	0.6193473949259695	0.6145543584064679
2016-02-25	0.6273235873254058	0.6145998792180578
2016-02-26	0.6251700529479414	0.6165875635218131
2016-02-29	0.6205312377074402	0.6163076610919591
2016-03-01	0.6336275219589499	0.6166838221396128
2016-03-02	0.6349139318871491	0.6126628979010106
2016-03-03	0.6365888195798806	0.6140233755676541
2016-03-04	0.6389508695853094	0.6078382079187309
2016-03-07	0.6414748479432658	0.6121538121156406
2016-03-08	0.6373477413249045	0.6112195883322098
2016-03-09	0.6387100434276063	0.6118392557600508
2016-03-10	0.6385135503223351	0.613324799119335
2016-03-11	0.6467106565762636	0.6127580681165379
2016-03-14	0.6473050200419211	0.6123082758822833
2016-03-15	0.6481465966304626	0.6122494602329278
2016-03-16	0.6509354461915091	0.6131208483420301
2016-03-17	0.6567862820010438	0.6123646089438397
2016-03-18	0.6613251600216555	0.6109964729387649
2016-03-21	0.6621355531919609	0.6126213855293259
2016-03-22	0.6605838963568375	0.6128848232042896
2016-03-23	0.6575790170911432	0.6126335968114335
2016-03-24	0.6580726919292429	0.6120113994353223
2016-03-28	0.6588113256672218	0.6143576658489164
2016-03-29	0.6624827035347344	0.6119032288965257
2016-03-30	0.6656217090692276	0.6121587193386381
2016-03-31	0.6644356120647519	0.6125138629054027
2016-04-01	0.6684804395434297	0.6133636005050956
2016-04-04	0.6663858906679301	0.6142062892762755
2016-04-05	0.661363481812741	0.6141028390842717
2016-04-06	0.6655987911353431	0.6140330108202503
2016-04-07	0.6590581630862717	0.6141269066711216
2016-04-08	0.6603731265058679	0.6129749181165051
2016-04-11	0.6596010551266479	0.6149346683151251
2016-04-12	0.6657941571291117	0.6157526369606849
2016-04-13	0.6728209459395996	0.6148892973081692
2016-04-14	0.6735028483986188	0.6150873480545248
2016-04-15	0.6724144343910273	0.6168784083726615
2016-04-18	0.6764231943016248	0.6164441804678622
2016-04-19	0.6782806740577629	0.6177575904857904
2016-04-20	0.6798838023181678	0.6188178299094409
2016-04-21	0.6756101712044802	0.6197761066867489
2016-04-22	0.6764077904444239	0.6200670565016264
2016-04-25	0.6754117995800384	0.6246818053642283
2016-04-26	0.6759032201951329	0.6250736361529615
2016-04-27	0.6778279509375877	0.6191069506883586
2016-04-28	0.6699084898171109	0.6207073857256915
2016-04-29	0.6677624695163301	0.6217485980582717
2016-05-02	0.6721777409755001	0.6199080465771605
2016-05-03	0.666908494701261	0.6210833628502012
2016-05-04	0.6631646059937535	0.6202552748886209
2016-05-05	0.6635196461170445	0.6210698787614891
2016-05-06	0.666522271159734	0.6229779518503493
2016-05-09	0.6652178274474945	0.6232246878207162
2016-05-10	0.6735749835347794	0.6218066272978834
2016-05-11	0.6654135691450972	0.6207321935413185
2016-05-12	0.665765979341549	0.621587728489961
2016-05-13	0.6588086957403827	0.6221541083477552
2016-05-16	0.6653981652878962	0.621929272340982
2016-05-17	0.6586080698929356	0.6219626953072509
2016-05-18	0.6584818334046544	0.6218757727118023
2016-05-19	0.6550546630293527	0.6189234773311426
2016-05-20	0.657517025958505	0.6193929660720102
2016-05-23	0.6572160871873346	0.6198011429409327
2016-05-24	0.6652230873011729	0.620434099166265
2016-05-25	0.6706880752730146	0.6208448800496671
2016-05-26	0.6698156909700711	0.6260669800207684
2016-05-27	0.6715037282969984	0.6310377854045579
2016-05-31	0.6682719239154652	0.6378134768142047
2016-06-01	0.6683647227625051	0.6387714659087658
2016-06-02	0.6702015388077641	0.6388941177861724
2016-06-03	0.6690180717301275	0.6464001524086864
2016-06-06	0.6732736690597749	0.6475045767497417
2016-06-07	0.6739480574421106	0.6452959842087735
2016-06-08	0.676456631942866	0.6464386780558515
2016-06-09	0.6757104841282037	0.6459261438280882
2016-06-10	0.6712076736756722	0.6473953668379029
2016-06-13	0.666216072534885	0.6638947502463914
2016-06-14	0.6640497642270589	0.6626322139013734
2016-06-15	0.6627479504416586	0.6702665483609971
2016-06-16	0.6662393661726036	0.6688132701588099
2016-06-17	0.6640625381574207	0.6720047144535689
2016-06-20	0.6689357925904441	0.6664700615167408
2016-06-21	0.6698697923221916	0.6605996546686285
2016-06-22	0.6680326005730988	0.6492582947986837
2016-06-23	0.6766828056510366	0.6619146106694176
2016-06-24	0.6537528492439524	0.6628737680156439
2016-06-27	0.643965388659981	0.6586312425835812
2016-06-28	0.6540898555832032	0.6560027711552413
2016-06-29	0.6647959120417212	0.6563575059572594
2016-06-30	0.6736365989635835	0.6631088058499363
2016-07-01	0.6743647129942055	0.6626486339125099
2016-07-05	0.6702789337976031	0.6617189763005086
2016-07-06	0.6732094237041317	0.6578690627210473
2016-07-07	0.6723550731852285	0.6566888496595962
2016-07-08	0.6817799795692255	0.6595248294565998
2016-07-11	0.6847927486154375	0.6579660161690619
2016-07-12	0.6893289967092101	0.6604929873714527
2016-07-13	0.6902475925837566	0.6589026228475604
2016-07-14	0.6952929193728301	0.6603343031415659
2016-07-15	0.6956738830606788	0.6609159496683534
2016-07-18	0.6962937943870599	0.6619010788833273
2016-07-19	0.6972691215405661	0.6614384118936852
2016-07-20	0.6986224067512476	0.6603083407864916
2016-07-21	0.6956994309214024	0.6609645231479417
2016-07-22	0.6977139548802237	0.6592412177388314
2016-07-25	0.6947913547542127	0.6573781864742329
2016-07-26	0.6940658706504298	0.6588546025787109
2016-07-27	0.6940065094446308	0.6591022057220448
2016-07-28	0.6934121459789734	0.6591253876055805
2016-07-29	0.6925063240347887	0.6591377491140965
2016-08-01	0.6914644973026343	0.6502580736330246
2016-08-02	0.6880553607113727	0.6398139889799492
2016-08-03	0.6896043876196569	0.6468841624557587
2016-08-04	0.6894935549885767	0.6453632462219757
2016-08-05	0.6966875320052703	0.6459191048260857
2016-08-08	0.6961525297454119	0.6479074630797745
2016-08-09	0.6962937943870599	0.6476171307229864
2016-08-10	0.6948890377510971	0.6486999126370504
2016-08-11	0.6993170831406286	0.6478159596962617
2016-08-12	0.6979251004350275	0.6478763957006973
2016-08-15	0.7001635438790144	0.6441384995584768
2016-08-16	0.6970065045604811	0.6462494118076727
2016-08-17	0.6978300473649823	0.6454180848985296
2016-08-18	0.6987227196749711	0.6452127300656749
2016-08-19	0.6970271682713604	0.6454516810740502
2016-08-22	0.6961574138952559	0.6474317831884043
2016-08-23	0.6968291723507526	0.6461599133571178
2016-08-24	0.6943562897142435	0.6454446091182625
2016-08-25	0.6931138371346421	0.6457500222914987
2016-08-26	0.6911222311097053	0.6456988898793679
2016-08-29	0.6951644286615439	0.6456089048847329
2016-08-30	0.6933351266929685	0.645143595005072
2016-08-31	0.6913281168108305	0.6451028009797181
2016-09-01	0.6920201632733722	0.644809666901173
2016-09-02	0.6947500273324541	0.6456159654127355
2016-09-06	0.6964842762309842	0.6516647222769563
2016-09-07	0.6960341830376482	0.6523558541432297
2016-09-08	0.6942973042122786	0.6533797269223381
2016-09-09	0.6794772907695955	0.6535039262628303
2016-09-12	0.6884799060439851	0.6511629094761305
2016-09-13	0.678774724599697	0.6512464389557989
2016-09-14	0.6775732237380202	0.6511177749829088
2016-09-15	0.6842498565750613	0.6509956441884661
2016-09-16	0.6809181149736387	0.6512180466381384
2016-09-19	0.6807817344818349	0.651429962408208
2016-09-20	0.6811495485354877	0.6497729694499066
2016-09-21	0.6873013231161929	0.6493502101454324
2016-09-22	0.6910117741824591	0.6493008585387204
2016-09-23	0.6860896782509935	0.6507156956868556
2016-09-26	0.6798297009660473	0.650916934262711
2016-09-27	0.6848442200407188	0.6504888247602802
2016-09-28	0.6890122783770046	0.6508515754416744
2016-09-29	0.6816563730077835	0.6509085572762663
2016-09-30	0.687844215156569	0.6519569966898586
2016-10-03	0.6858041433370239	0.6516131549110817
2016-10-04	0.6825956325932093	0.6516181464455159
2016-10-05	0.686825306358299	0.6519918142548756
2016-10-06	0.6863545494540836	0.6520763215503714
2016-10-07	0.6853022030145725	0.6530948027119984
2016-10-10	0.6886290604661508	0.6548698589863461
2016-10-11	0.6811007070370455	0.656384497773906
2016-10-12	0.6816845507953463	0.6561062971626469
2016-10-13	0.6799841152418913	0.6556212042633608
2016-10-14	0.6814658911638591	0.6562478772486787
2016-10-17	0.6795129826338417	0.6560983373681779
2016-10-18	0.6823510493971644	0.6559055199219188
2016-10-19	0.6838794125945693	0.6547973205321459
2016-10-20	0.6823664532543654	0.6546779223371839
2016-10-21	0.6817412820743061	0.6551193179390744
2016-10-24	0.684646224120111	0.6584182835196353
2016-10-25	0.6826264403076113	0.6591439293043256
2016-10-26	0.6837558060331274	0.6636408345909048
2016-10-27	0.6826418441648123	0.6632261211567156
2016-10-28	0.6823228716096016	0.6658789690862423
2016-10-31	0.6816176755128639	0.6672019823428864
2016-11-01	0.6776607627313819	0.6693414757522351
2016-11-02	0.6747505608318984	0.6709662128269364
2016-11-03	0.6736621468243069	0.6649274681060634
2016-11-04	0.6720695382712589	0.6661403388878001
2016-11-07	0.686020173041672	0.6661994509018898
2016-11-08	0.6887680708847939	0.6715353515206669
2016-11-09	0.6984217809038006	0.6678592102323074
2016-11-10	0.7066192628615633	0.6676576573513068
2016-11-11	0.708113812713893	0.6676676024328565
2016-11-14	0.7089039178771531	0.6670705965924175
2016-11-15	0.7109466196235373	0.6675538862981735
2016-11-16	0.7088832541662737	0.6721923976049744
2016-11-17	0.7102237654465935	0.6711489589199242
2016-11-18	0.7088753643857562	0.6726181570853014
2016-11-21	0.7122101116178521	0.6707996690285837
2016-11-22	0.7147340899758085	0.6718098646746209
2016-11-23	0.7169623894162728	0.6709937144519293
2016-11-25	0.7195532430567114	0.6708464940475549
2016-11-28	0.7175154254601716	0.6699086474537366
2016-11-29	0.7184058435471551	0.6703911014576893
2016-11-30	0.718480232906321	0.6721217171236958
2016-12-01	0.7210481686128751	0.6748172988028535
2016-12-02	0.7202400296655747	0.6737858970478732
2016-12-05	0.7219615046337433	0.6733448641443026
2016-12-06	0.7232967560603846	0.6730165348571883
2016-12-07	0.7344867190573141	0.6746410396398321
2016-12-08	0.7369359323522705	0.6751649436379353
2016-12-09	0.7422724296128259	0.6752519988891531
2016-12-12	0.7437594653884722	0.6763900187546746
2016-12-13	0.7480717939970792	0.6765372376415437
2016-12-14	0.7436129408931457	0.6764408529266739
2016-12-15	0.7458562684869768	0.6766257268244457
2016-12-16	0.7455245220014044	0.6776867771030343
2016-12-19	0.7470141877038898	0.6778359861111534
2016-12-20	0.7504541320095534	0.6804373410602859
2016-12-21	0.7492270832871529	0.6865561292992951
2016-12-22	0.748359958837888	0.6919889684636289
2016-12-23	0.7489208846623043	0.6923717828535971
2016-12-27	0.7493428000680776	0.6962213406338287
2016-12-28	0.7451589621707567	0.6998920638549349
2016-12-29	0.7446367338412598	0.6967700757232265
2016-12-30	0.7424884593174739	0.6977964450263257
2017-01-03	0.7469653462054476	0.7079360996535883
2017-01-04	0.7492345973638365	0.717460805579935
2017-01-05	0.7476239550267483	0.7000016606101642
2017-01-06	0.7500476204609811	0.6843874327698842
2017-01-09	0.7471764917602515	0.6914879072286031
2017-01-10	0.7459798750484188	0.6928485582841512
2017-01-11	0.749689950410851	0.6735837153900589
2017-01-12	0.7473124965482211	0.6771511672930466
2017-01-13	0.7471145006276133	0.6827988530092116
2017-01-17	0.744899350821345	0.6907141016048174
2017-01-18	0.7440709238669994	0.6903261138206824
2017-01-19	0.7413538337382796	0.6908419713949088
2017-01-20	0.7449173846053851	0.6931308995533063
2017-01-23	0.7438879560997583	0.6930457262330059
2017-01-24	0.7481281495722049	0.6910204933523826
2017-01-25	0.7539816153085787	0.6911750341663583
2017-01-26	0.7551988957312906	0.6933495893135275
2017-01-27	0.7549310188975271	0.6937097311580374
2017-01-30	0.7503230113714279	0.6949075849188081
2017-01-31	0.7463014775304687	0.6995698270625198
2017-02-01	0.7473102423252159	0.7005869279360398
2017-02-02	0.7470836929132113	0.7034627314879395
2017-02-03	0.7540924479396589	0.7031927077337682
2017-02-06	0.7533771078393986	0.7064350753919331
2017-02-07	0.7547998982594017	0.7080640873490331
2017-02-08	0.7534492429755594	0.7078873455229895
2017-02-09	0.7578848024417745	0.7000688077319557
2017-02-10	0.7615280025217241	0.7033278093281586
2017-02-13	0.7668926775698425	0.7024449069039046
2017-02-14	0.7703585454400638	0.7026615713730028
2017-02-15	0.7743954831382241	0.7041971552027765
2017-02-16	0.7746926648710528	0.7061397786142108
2017-02-17	0.7748534661120777	0.7086949780670659
2017-02-21	0.7793224632195339	0.7129775193134003
2017-02-22	0.7805472577189292	0.7143774939846974
2017-02-23	0.7818517014311687	0.7175556128729274
2017-02-24	0.7822815066174594	0.7189732074901509
2017-02-27	0.7828706102294386	0.7196346294559923
2017-02-28	0.7819238365673294	0.7198516000650896
2017-03-01	0.7933193095615498	0.72262008945551
2017-03-02	0.7890896357964603	0.7261221987195196
2017-03-03	0.7891925786470229	0.7276063800756652
2017-03-06	0.7872625880508899	0.7267348392040971
2017-03-07	0.7861512561094139	0.7190143513973012
2017-03-08	0.7835577725421361	0.7181191477807529
2017-03-09	0.7836501956853421	0.7199942926014467
2017-03-10	0.785332973158591	0.719992595059076
2017-03-13	0.7845252099151248	0.7229808935147765
2017-03-14	0.7828679803025994	0.7248007548564046
2017-03-15	0.7871032896252016	0.7243244393451093
2017-03-16	0.7865190701630668	0.7116133020967975
2017-03-17	0.7857702924215653	0.7078835206798764
2017-03-20	0.7854411758628321	0.7100247409951788
2017-03-21	0.7765050601670905	0.7106277873655785
2017-03-22	0.7762529628943622	0.7046976523953626
2017-03-23	0.7760756306846339	0.7030584289746815
2017-03-24	0.7738266675332902	0.6910915887650806
2017-03-27	0.772108198195795	0.7056199569556331
2017-03-28	0.777763292307727	0.7033238088998341
2017-03-29	0.7761785735351965	0.7063011325745595
2017-03-30	0.7787773169561528	0.7069729470004791
2017-03-31	0.776325098030523	0.7103099071698005
2017-04-03	0.7758363073422673	0.7164102850734235
2017-04-04	0.7773026794070342	0.7147204708564359
2017-04-05	0.7757589123524283	0.7168830951475521
2017-04-06	0.7763149540270003	0.7190657578588691
2017-04-07	0.7760575969005936	0.7193898755890409
2017-04-10	0.7761297320367544	0.7210043761166179
2017-04-11	0.7758772590601919	0.7217437228179683
2017-04-12	0.7736440754698835	0.7187938655653708
2017-04-13	0.7684364446244484	0.7198524500186696
2017-04-17	0.7753369969466549	0.7199747691513545
2017-04-18	0.7710674985751432	0.7198549998367424
2017-04-19	0.7666045127290338	0.721856287237564
2017-04-20	0.7731500249279494	0.7243244393451093
2017-04-21	0.7719872215611921	0.7243650984918836
2017-04-24	0.7801073085291157	0.7257780124622907
2017-04-25	0.7888322786700535	0.7276433853209109
2017-04-26	0.7880421735067933	0.7297792817603046
2017-04-27	0.7882766126993157	0.7319157354092466
2017-04-28	0.7867429896482322	0.7329751891455593
2017-05-01	0.7857267107768015	0.7393781218882395
2017-05-02	0.7870953998446841	0.7398881053180139
2017-05-03	0.7873963386158546	0.7468463879945657
2017-05-04	0.7871547610504829	0.7513282140600198
2017-05-05	0.7892387902186258	0.7486124642627825
2017-05-08	0.7894394160660727	0.7560000623833811
2017-05-09	0.7880680970713511	0.7573375722990049
2017-05-10	0.7868406726451166	0.7636814649398593
2017-05-11	0.785950630261967	0.760824847388662
2017-05-12	0.7850936498162245	0.7556361758268583
2017-05-15	0.7882995306331999	0.7568232281486549
2017-05-16	0.7882172514935167	0.7630012104442616
2017-05-17	0.7742102611479781	0.7627920098615271
2017-05-18	0.7763175839538395	0.768319289956097
2017-05-19	0.7816458157300433	0.7718487613222902
2017-05-22	0.7850267745337423	0.7804749708573951
2017-05-23	0.786645306651348	0.7873708020530548
2017-05-24	0.7894446759197511	0.8013112478378566
2017-05-25	0.7920945150621547	0.7986181643885376
2017-05-26	0.7919942021384311	0.7782278708179333
2017-05-30	0.7900852509570117	0.7837960830414789
2017-05-31	0.7893030355742691	0.7909979787064748
2017-06-01	0.7943949496387795	0.7921437792746436
2017-06-02	0.7967284461528116	0.7934812287591654
2017-06-05	0.7958925051217826	0.8077075245692314
2017-06-06	0.7940962650906142	0.8069833531901999
2017-06-07	0.7955036516534162	0.8063291148564146
2017-06-08	0.7958357738428228	0.8064331921634351
2017-06-09	0.7991960689356424	0.8070006554948499
2017-06-12	0.797832264017604	0.8045388575679959
2017-06-13	0.8013187955987048	0.8061555365223557
2017-06-14	0.8030504145703959	0.7896725305475798
2017-06-15	0.8024996327495022	0.7931847557553118
2017-06-16	0.8034155986972094	0.7951931473151466
2017-06-19	0.8088524088814885	0.7997601967872832
2017-06-20	0.8065286806671448	0.8023300152946365
2017-06-21	0.804383036070198	0.8001723536762028
2017-06-22	0.8039043893854649	0.8029361824333686
2017-06-23	0.8038093363154198	0.8028727627543909
2017-06-26	0.8043650022861578	0.7909570433971679
2017-06-27	0.8006496670700474	0.7946080634948753
2017-06-28	0.8060579237629294	0.7973581761162368
2017-06-29	0.7997618789099028	0.7954240593078143
2017-06-30	0.8021137849118092	0.7943438560837514
2017-07-03	0.8069844094179934	0.7998116628652203
2017-07-05	0.8069430819962347	0.7990310728957795
2017-07-06	0.8010020772664992	0.7978630229664091
2017-07-07	0.8045449644227255	0.794920310986901
2017-07-10	0.8043263047912383	0.7854626941377177
2017-07-11	0.8043469685021176	0.7864858684826826
2017-07-12	0.8089707555892521	0.7899939063027999
2017-07-13	0.8097578551218391	0.7881183924117058
2017-07-14	0.8129381880780909	0.7774073815408191
2017-07-17	0.8126368736030862	0.7839359410014989
2017-07-18	0.8105708782189835	0.7884624524422869
2017-07-19	0.8130512749321761	0.7871659553154675
2017-07-20	0.8119628609245846	0.8051162372147691
2017-07-21	0.8107715040664305	0.8045820535847051
2017-07-24	0.8082580454158308	0.8022076664936928
2017-07-25	0.8120248520572227	0.7928704332744431
2017-07-26	0.8156909700710568	0.7972768975706536
2017-07-27	0.8189047406685499	0.8019966086346063
2017-07-28	0.8201731168127091	0.8041551955811442
2017-07-31	0.8224577718282988	0.8088932164437188
2017-08-01	0.8251928957410589	0.8038582239287567
2017-08-02	0.8271585782014382	0.8030996151032477
2017-08-03	0.8275290221819301	0.8056125549288992
2017-08-04	0.8300353424596805	0.8186203037881782
2017-08-07	0.8309975199789906	0.8272747951313845
2017-08-08	0.8297546916955552	0.8261338662580959
2017-08-09	0.8283781128471551	0.824915335937979
2017-08-10	0.8206878310655223	0.8281923284026065
2017-08-11	0.8212254632522201	0.8364967831167147
2017-08-14	0.8263121174630523	0.8487728208762421
2017-08-15	0.8265104890874944	0.8438757099018811
2017-08-16	0.8274828106103271	0.850149403867323
2017-08-17	0.8171832657003815	0.8495024719944435
2017-08-18	0.8143196510763351	0.8430692248827147
2017-08-21	0.8154182090874492	0.8377827101209829
2017-08-22	0.8227872640908662	0.8453239990592575
2017-08-23	0.8194885844268507	0.8466700085923103
2017-08-24	0.8184106901266159	0.8505563493988766
2017-08-25	0.8195479456326495	0.8504760303818272
2017-08-28	0.8193499497120419	0.8515829069817343
2017-08-29	0.8214903344553102	0.8570957415577888
2017-08-30	0.8225069890305752	0.8569913499740599
2017-08-31	0.8245985322754014	0.8596401410548139
2017-09-01	0.8260810596050376	0.8604106941548451
2017-09-05	0.8172801972895974	0.8549823070622791
2017-09-06	0.8193213962206448	0.8551857265139974
2017-09-07	0.8184625372557315	0.8576263887760214
2017-09-08	0.8189513279439872	0.8529728539893731
2017-09-11	0.8287038480713808	0.8512616907482298
2017-09-12	0.8310140509476942	0.8431997939363743
2017-09-13	0.8324913184236519	0.8382162433273745
2017-09-14	0.8341932567924436	0.8176512642285659
2017-09-15	0.8366300718608723	0.8391272004936315
2017-09-18	0.8389973817199796	0.8416791828234494
2017-09-19	0.8404795333457816	0.8414234342997602
2017-09-20	0.8420495996687796	0.8392624076226308
2017-09-21	0.8400448440096466	0.8361456916070275
2017-09-22	0.8396826655135063	0.8349337873929543
2017-09-25	0.8376726500006951	0.8397346121668792
2017-09-26	0.8372304465878766	0.8409412280017446
2017-09-27	0.8393490405087631	0.8486075955753222
2017-09-28	0.8408702653333189	0.8438742055982638
2017-09-29	0.8417678217931518	0.8486774486067591
2017-10-02	0.8474976809680835	0.8497244914156573
2017-10-03	0.8506562231019535	0.8506199489339009
2017-10-04	0.8514065036587918	0.8465074324501792
2017-10-05	0.8556801347724794	0.8521079288883647
2017-10-06	0.855615513713002	0.8509719589596514
2017-10-09	0.8551421268819475	0.8618670897525328
2017-10-10	0.8577574012716073	0.860336097433038
2017-10-11	0.8593432471556403	0.8631408386793334
2017-10-12	0.8581455033323051	0.8752048647074845
2017-10-13	0.8592992898070423	0.8765334792202437
2017-10-16	0.8625017892895103	0.8778883605739702
2017-10-17	0.8640226384102317	0.8719184172603477
2017-10-18	0.8700399110183039	0.8760195386670339
2017-10-19	0.8702442939040926	0.8773096506831193
2017-10-20	0.8764655736941193	0.8851020746837359
2017-10-23	0.87441160083271	0.8790013910643552
2017-10-24	0.8807159111700882	0.8754983936539261
2017-10-25	0.8764967571123553	0.8793975177088614
2017-10-26	0.8791792824883317	0.8811715516293361
2017-10-27	0.8804315033676213	0.8806395839435022
2017-10-30	0.8772211141046359	0.8855631800703696
2017-10-31	0.8782918700320214	0.8905374713327401
2017-11-01	0.8804623110820232	0.9006136645146311
2017-11-02	0.8835149047346572	0.9024190059977724
2017-11-03	0.8843763936264099	0.9021540558575941
2017-11-06	0.8847231682653491	0.9020945658141324
2017-11-07	0.8850541633432532	0.9045702511368502
2017-11-08	0.8852844697935996	0.904700525469634
2017-11-09	0.8814740815074441	0.9017387360843641
2017-11-10	0.8799814101742852	0.8948645067076204
2017-11-13	0.8806385161802492	0.8931852833063609
2017-11-14	0.8795027634895524	0.8985221050592407
2017-11-15	0.8743109122051523	0.9047864563983464
2017-11-16	0.8813395795348111	0.9069114403938529
2017-11-17	0.8775780327470977	0.9097314907396384
2017-11-20	0.8802864816876317	0.9148766000617212
2017-11-21	0.8863165282260655	0.9161716329524774
2017-11-22	0.8838876029381543	0.9150126118983566
2017-11-24	0.8850827168346502	0.917026597960092
2017-11-27	0.8859389458727243	0.9348850424837888
2017-11-28	0.8955543341006458	0.941540122797508
2017-11-29	0.8994605268645148	0.9393405604256868
2017-11-30	0.9119214959324424	0.9308707220684168
2017-12-01	0.9103901271043642	0.9450164756091304
2017-12-04	0.912586491718924	0.952372080222006
2017-12-05	0.9084759160692664	0.9577395112619098
2017-12-06	0.9069832447361076	0.9733101853817684
2017-12-07	0.9096345866938476	0.9871479692107544
2017-12-08	0.9140558694143639	0.9839329658490006
2017-12-11	0.9161924971192908	0.9890644079048052
2017-12-12	0.920654731557732	0.9908609177919364
2017-12-13	0.9236840315726474	0.9889305372046304
2017-12-14	0.9207997532377218	0.9916773425929384
2017-12-15	0.9261753236970308	0.9962461995350428
2017-12-18	0.9314524597517876	1.0
2017-12-19	0.9300454488928196	0.9868390434860328
2017-12-20	0.9289897211188012	0.9908314167727496
2017-12-21	0.9310801372521248	0.9673400824772824
2017-12-22	0.9300195253282622	0.9734168503472886
2017-12-26	0.929724597818438	0.98497093589936
2017-12-27	0.9307799498886226	0.9714864575769244
2017-12-28	0.9331547738244133	0.9740800414236614
2017-12-29	0.9287105731700124	0.9703361738075892
2018-01-02	0.9326475736482832	0.9789044377112428
2018-01-03	0.9363546433800422	0.9762964005860242
2018-01-04	0.9420822483319692	0.9765275675265264
2018-01-05	0.9503755347674449	0.9865833983349184
2018-01-08	0.9498920039328678	0.9778326993705524
2018-01-09	0.9537542393481389	0.9710153411342186
2018-01-10	0.9531279410565768	0.9672215528024052
2018-01-11	0.960852411887119	0.9671201012603128
2018-01-12	0.9694357416825746	0.9724631332220858
2018-01-16	0.9690476396218768	0.9474432099511759
2018-01-17	0.9811749836850612	0.9428829860962084
2018-01-18	0.9774990973715384	0.9491372862184484
2018-01-19	0.9795245167415508	0.958604160452327
2018-01-22	0.9848925731241764	0.9385537249381728
2018-01-23	0.984750181371026	0.9445935332467561
2018-01-24	0.9863022139099836	0.9486034825953602
2018-01-25	0.991587239745258	0.9458056507941316
2018-01-26	1.0	0.9467078922305912
2018-01-29	0.9933414009469992	0.9452007525621025
2018-01-30	0.9797187556238168	0.9371320706158836
2018-01-31	0.9824426084215516	0.9361561798053336
2018-02-01	0.9838447351306754	0.9177758758706116
2018-02-02	0.9588322523707852	0.9206840795785312
2018-02-05	0.9146791620752528	0.8823586050619227
2018-02-06	0.9359823208803794	0.9092477193242164
2018-02-07	0.9352527040344204	0.9168068351500132
2018-02-08	0.8964466307068003	0.913171553780114
2018-02-09	0.9088613882031252	0.924471399162894
2018-02-12	0.9242791464459732	0.9207405651780428
2018-02-13	0.9257511540682528	0.923560211105978
2018-02-14	0.9352579638880992	0.9339876385171062
2018-02-15	0.9467875631511182	0.9332131151109904
2018-02-16	0.947501776139876	0.9429019053571728
2018-02-20	0.9379352294103968	0.9464978505052092
2018-02-21	0.9316621024912546	0.9418297938409322
2018-02-22	0.93784994464004	0.9343717711312288
2018-02-23	0.9509060285812936	0.9368891008423256
2018-02-26	0.9659071312720467	0.9416074928373503
2018-02-27	0.9546645697383336	0.942968851241272
2018-02-28	0.9403566406216246	0.9407327196992676
2018-03-01	0.9245688141021186	0.9459767574768604
2018-03-02	0.9219043225101826	0.9479194984321152
2018-03-05	0.9345542706066978	0.9477341395317248
2018-03-06	0.9349059293954812	0.9408388594393798
2018-03-07	0.9317966044638876	0.9352936374024916
2018-03-08	0.9353225849475759	0.92181729613391
2018-03-09	0.9518734659542822	0.9289404362073446
2018-03-12	0.9459700316079636	0.9288005627588078
2018-03-13	0.9395237052212688	0.9267299365393752
2018-03-14	0.9301720610849352	0.9110933540260504
2018-03-15	0.9345129431849392	0.9153409295215359
2018-03-16	0.93724994561687	0.9153133826914196
2018-03-19	0.9246413249421136	0.9189250485415241
2018-03-20	0.9290130147565197	0.9258633714448372
2018-03-21	0.9273238503180896	0.9251280327567496
2018-03-22	0.9001071131631221	0.9174894856772428
2018-03-23	0.8841513470297419	0.9237051986815868
2018-03-26	0.9093009616891043	0.9147436507199648
